Plurality Book Indexing Exercise,Keyword,Chapter,POC
,(anti-)social media,02-02,cFQ
,(In)dividual identity,03-02,tsuzumik
,⿻,03-00,cFQ
,⿻ Artist,05-03,cFQ
,⿻ Book,05-07,cFQ
,⿻ Conversational and Funding Tools,06-01,cFQ
,⿻ Cryptography,06-03,cFQ
,⿻ Funding Across Boundaries,05-07,cFQ
,⿻ Funding Formula,05-07,cFQ
,⿻ funding:,05-07,cFQ
,⿻ Future,05-07,cFQ
,⿻ good,06-02,cFQ
,⿻ Governance,05-07,cFQ
,⿻ Group,05-07,cFQ
,⿻ Health Agency,06-02,cFQ
,⿻ Health Association,06-02,cFQ
,⿻ Hiring,06-01,cFQ
,⿻ Identity Systems,05-06,cFQ
,⿻ Identity Systems,05-07,cFQ
,⿻ Image,03-00,cFQ
,⿻ Interaction,06-04,cFQ
,⿻ Management,05-07,cFQ
,⿻ Marketing,06-00,cFQ
,⿻ mechanism,06-02,cFQ
,⿻ Media,06-03,cFQ
,⿻ Money,05-07,cFQ
,⿻ Practic,05-03,cFQ
,⿻ Principles,05-07,cFQ
,⿻ Property,05-07,cFQ
,⿻ Public,06-02,cFQ
,⿻ Public,06-04,cFQ
,⿻ Public Media,06-03,cFQ
,⿻ Rule,05-06,cFQ
,⿻ Structure,06-03,cFQ
,⿻ Technologist,05-04,cFQ
,⿻ Technology,06-00,cFQ
,⿻ Thinking,05-06,cFQ
,⿻ Vision,06-02,cFQ
,⿻ 數位 Plurality,03-00,cFQ
,⿻-goods Financing,06-02,cFQ
,⿻istic,05-04,cFQ
,⿻istic,05-06,cFQ
,⿻istic Ignorance,06-03,cFQ
,12-Year Basic Education Curriculum,02-02,cFQ
,20% time model,06-01,cFQ
,2050 net zero,02-02,cFQ
,3D Audio,05-01,nishio
,4Chan,02-00,cFQ
,51% Attack,05-06,cFQ
,5G,02-00,cFQ
,A Connected Society,03-00,cFQ
,a priori,06-00,cFQ
,Abolitionist,06-03,cFQ
,Abundance technocracy (AT),04-00,tsuzumik
,Abuses Of Monopoly,05-07,cFQ
,Abusus,05-07,cFQ
,Academia Sinica,02-01,cFQ
,Academic Peer Review,05-04,cFQ
,Accelerationist,02-00,cFQ
,"Acemoglu, Daron",02-00,cFQ
,Active Listening,05-04,cFQ
,ActivityPub,02-00,cFQ
,ActivityPub,03-03,nishio
,Adaptive Representation,05-06,cFQ
,Administration,05-04,cFQ
,Administrative Application,05-05,cFQ
,Administrative Practice,05-05,cFQ
,Administrative State,05-05,cFQ
,Adobe Creative Cloud,05-03,cFQ
,Advanced Research Projects Agency,02-00,cFQ
,Adverse Selection,06-02,cFQ
,Affective Polarization,02-02,cFQ
,Affective Polarization,06-03,cFQ
,Affinity,06-02,cFQ
,African Model,02-00,cFQ
,Agglomeration,06-01,cFQ
,Aging Simulation,05-01,nishio
,AI Conversation Model,06-04,cFQ
,AI Deep Learning,06-04,cFQ
,AI GOOGLE NGRAMS CHART,02-00,cFQ
,AI researcher,05-05,cFQ
,AI-driven Intervention,05-04,cFQ
,AI4Bharat,05-05,cFQ
,AIDS,06-02,cFQ
,Ainulindalë,01-01,cFQ
,Air pollution,06-04,cFQ
,Albert Hirschman,05-07,cFQ
,Alexis de Tocqueville,02-00,cFQ
,Algorithmic Ranking System,05-04,cFQ
,Alien Art,05-03,cFQ
,Alien Intelligence,05-03,cFQ
,Alignment assemblies,02-02,cFQ
,All Our Ideas,05-04,cFQ
,All Our Ideas,06-01,cFQ
,AlphaGo,05-03,cFQ
,AlphaGo Zero,05-03,cFQ
,Amartya Sen,05-06,cFQ
,American Democracy,03-02,nishio
,American Legislative Capitol,02-01,cFQ
,American Revolution,06-00,cFQ
,Analysis Paralysis,05-04,cFQ
,Android,04-00,tsuzumik
,Anthropic,05-04,cFQ
,Anthropic,05-07,cFQ
,Anthropocene,06-04,cFQ
,Anthropologist,05-05,cFQ
,Anti-authoritarianism,02-01,cFQ
,Anti-social,02-00,cFQ
,Anti-social Media,06-03,cFQ
,Antipathy,02-00,cFQ
,Antiretroviral Therapie,06-02,cFQ
,Antisocial,02-00,cFQ
,Antitrust,05-07,cFQ
,Apple's Torus Spaceship,06-01,cFQ
,Application Ecosystem,06-02,cFQ
,Approval Voting,05-06,cFQ
,Arab Spring,02-00,cFQ
,Ariana Zetlin,05-05,cFQ
,Arms Race,06-00,cFQ
,Arms Race,06-03,cFQ
,Arnold Harberger,05-07,cFQ
,ARPANET,02-00,cFQ
,ARPANET,03-03,nishio
,Arrow's Theorem,05-06,cFQ
,Articles 145 of the ROC,02-01,cFQ
,Artificial General Intelligence,02-00,cFQ
,Artificial Intelligence,02-00,cFQ
,Artificial Intelligence (AI).,05-05,cFQ
,Artistic co-creation,05-03,cFQ
,Artistic Expression,05-03,cFQ
,Asana,05-03,cFQ
,Asia Development Bank,02-02,cFQ
,Aspirations to equality,04-00,tsuzumik
,Assimilation,02-01,cFQ
,Assisted Real-time Voting,05-06,cFQ
,Asynchronous Communication,06-01,cFQ
,Athena's tapestry,01-01,cFQ
,Athenian Marketplace,05-04,cFQ
,Atomist,03-03,nishio
,Attention auction,04-00,tsuzumik
,attention exchange tax,07-00,gnomevan
,Audrey Tang,03-00,cFQ
,Augmented Reality,04-00,tsuzumik
,Augmented Reality,05-02,nishio
,Australia,06-02,cFQ
,Australian Government,05-05,cFQ
,Author,05-04,cFQ
,Authoritarian,01-01,cFQ
,Authoritarian Regimes,02-00,cFQ
,Authoritarian Repressive State,02-01,cFQ
,Authoritarianism,02-00,cFQ
,Authority,06-00,cFQ
,Autodesk,05-03,cFQ
,Automated Clearing House(ACH),04-03,gnomevan
,Autonomy,05-03,cFQ
,Aviv Ovadya,05-04,cFQ
,Awe,05-03,cFQ
,Ayn Rand,02-00,cFQ
,Background Signals,05-06,cFQ
,Badges,05-05,cFQ
,Balaji Srinavasan,02-00,cFQ
,Banks,04-03,gnomevan
,Basic Antigen,06-02,cFQ
,BBN,03-03,nishio
,BCI,06-02,cFQ
,Benefits Data Trust,05-05,cFQ
,Bertelsmann Foundation,02-02,cFQ
,Bhagavad Gita,05-03,cFQ
,Bible,05-03,cFQ
,Bill Gates,02-01,cFQ
,Biodiversity,06-04,cFQ
,Biodiversity Loss,06-04,cFQ
,Biomedical engineering,06-02,cFQ
,Biomedicine,06-02,cFQ
,Biometrics,06-04,cFQ
,Bioweapons,02-00,cFQ
,Bitcoin,02-00,cFQ
,Blake Masters,02-00,cFQ
,Blended-finance Agreement,06-02,cFQ
,Blindness of Justice,05-05,cFQ
,Blitzscaling,06-00,cFQ
,Blockchain,02-00,cFQ
,Blockchain,05-07,cFQ
,Blockchains,02-00,cFQ
,Bluesky,04-02,gnomevan
,Bottom-up,05-06,cFQ
,Brain interface,06-03,cFQ
,Brain-Computer Interfaces,05-01,nishio
,Braver Angels,05-04,cFQ
,Brent Seales,05-03,cFQ
,Bricolage,05-00,nishio
,Bridging the Crowd,05-04,cFQ
,British Colonial Development Corporation,06-02,cFQ
,Broadcast,05-04,cFQ
,Bruno Latour,05-04,cFQ
,Buddhism,02-02,cFQ
,Bureaucracies,05-05,cFQ
,Bureaucratic Rules,05-05,cFQ
,By An Invisible Hand,05-07,cFQ
,Campus Athletics,06-01,cFQ
,Canada,05-07,cFQ
,Canada,06-02,cFQ
,Canada,06-04,cFQ
,Cancel Culture,02-00,cFQ
,Capitalism,02-00,cFQ
,Capitalism,05-07,gnomevan
,Carbon Credit,06-02,cFQ
,Casey Handmer,05-03,cFQ
,Cash,04-03,gnomevan
,Catastrophic Risks,02-00,cFQ
,Cathy O’Neil,02-00,cFQ
,Cellphone Addiction,02-02,cFQ
,Center for Constructive Communication,05-04,cFQ
,Central Bank Digital Currencies,02-00,cFQ
,Central Bank Digital Currencies,04-03,gnomevan
,Central Planning,02-00,cFQ
,Centralized Surveillance,02-00,cFQ
,Centralized Top-down,02-00,cFQ
,Centralizing,02-00,cFQ
,Charity,05-07,cFQ
,Charter Cities,05-05,cFQ
,charter town,03-03,nishio
,Chen Shui-bian,02-01,cFQ
,Cheques,04-03,gnomevan
,Chiang Ching-Kuo,02-01,cFQ
,Chiang Kai-shek,02-01,cFQ
,Child Mortality,06-02,cFQ
,Chinese Communist Party,02-01,cFQ
,Circular investment,05-07,cFQ
,Citizen co-journalism,06-03,cFQ
,Citizen Journalism,06-03,cFQ
,Citizen Volunteers,02-02,cFQ
,Citizen-led Online Initiative,06-02,cFQ
,Citizens of the Free Area,02-01,cFQ
,Civic hackers,02-02,cFQ
,Civic Hacking Culture,06-04,cFQ
,Civic Tech,03-03,nishio
,Civic Technology Movement,06-04,cFQ
,Civil Clan,02-01,cFQ
,Civil IoT,06-04,cFQ
,Civil Livelihood,02-01,cFQ
,Civil Rights movement,02-01,cFQ
,Civilization,05-06,cFQ
,Civilization VI,02-00,cFQ
,Civilization VI,05-06,cFQ
,Civilizing,05-07,cFQ
,Claude,05-04,cFQ
,Clean Energy,06-04,cFQ
,Climate Change,06-04,cFQ
,Climate Change Simulations,05-02,nishio
,Climate hazard,06-02,cFQ
,Co-construction of Health Agency,06-02,cFQ
,Co-creation Relationship,06-04,cFQ
,Co-decision Making Processe,06-02,cFQ
,Co-edited Project,05-03,cFQ
,Co-writing,05-03,cFQ
,Codetermination,05-07,cFQ
,Cofacts,02-02,cFQ
,Cold War,02-00,cFQ
,Collaboration Across Difference,06-04,cFQ
,Collaboration Across Diversity,05-07,cFQ
,Collaborative Diversity,02-01,cFQ
,Collaborative Exchange,05-07,cFQ
,Collaborative Filtering,05-04,cFQ
,Collaborative Innovation,05-03,cFQ
,Collaborative Journalism,06-03,cFQ
,Collaborative Network,06-04,cFQ
,Collaborative Platform,05-03,cFQ
,Collaborative Platform,05-03,cFQ
,Collaborative Problem Solving,02-01,cFQ
,Collaborative Technologies,05-06,cFQ
,Collaborative Technology,01-01,cFQ
,Collaborative Technology,05-00,nishio
,Collective Alignment,05-04,cFQ
,Collective Consciousness,05-03,cFQ
,Collective Creativity,05-03,cFQ
,Collective Decision,05-06,cFQ
,Collective Deliberation,05-05,cFQ
,Collective Intelligence,06-01,cFQ
,Collective Organization,03-00,cFQ
,Collective Problem-solving,06-04,cFQ
,Collective Response Model,05-04,cFQ
,Collective Response Systems,05-04,cFQ
,Collegia,06-02,cFQ
,Colonial Outsider,05-05,cFQ
,Colorado State Legislature,05-06,cFQ
,Commanding Heights,02-00,cFQ
,Common Belief,06-00,cFQ
,Common Carriers of Public Discussion,06-03,cFQ
,Common Content,06-03,cFQ
,Common Corporate Infrastructure,06-01,cFQ
,Common Good,05-07,cFQ
,Common Knowledge,04-02,gnomevan
,Common Will,05-04,cFQ
,Common Will,05-06,cFQ
,Commons-Based Property,03-03,nishio
,Communism,02-00,cFQ
,Community Currency,05-00,nishio
,Community Donation,05-07,cFQ
,Community Notes (CN)　,05-04,cFQ
,Community-based,06-00,cFQ
,Community-Based Identity,03-03,nishio
,Compelling Narrative,06-03,cFQ
,Competitive authoritarian regimes,04-00,tsuzumik
,Competitive Effect,06-00,cFQ
,Complexity,05-05,cFQ
,Compulsory Purchase,05-07,cFQ
,Computer-simulated Neuron,05-05,cFQ
,Confidential Computing,04-02,gnomevan
,Conformity,05-05,cFQ
,Confucian Tradition,02-01,cFQ
,Connected Society,03-02,nishio
,Consociational,05-06,cFQ
,Consociationalism,03-03,nishio
,Consociationalism,05-06,cFQ
,Constitutional Court,02-02,cFQ
,Contribution,06-01,cFQ
,Cooperative Enterprise,02-01,cFQ
,Cooperatives,05-07,cFQ
,Copyright,02-00,cFQ
,Corporate Bureaucracy,05-05,cFQ
,Corporate Campuse,06-01,cFQ
,Corporate Control,05-02,nishio
,Corporate Libertarianism,02-00,cFQ
,Corporations,05-07,cFQ
,Correlation discounting,05-06,cFQ
,Cortico,05-04,cFQ
,Countervail,05-07,cFQ
,Coursera,05-03,cFQ
,Courtney Cogburn,06-03,cFQ
,COVID-19,06-02,cFQ
,COVID-19 pandemic,02-02,cFQ
,Crackle,05-03,cFQ
,Creative Collaborations,05-03,cFQ
,Creative Commons,05-00,nishio
,Creative Process,05-03,cFQ
,Cross-cultural collaboration,05-03,cFQ
,Cross-Cultural Exchanges,05-02,nishio
,Cross-cutting Benefit,06-01,cFQ
,Cross-pollination Service,06-01,cFQ
,Cross-Straits Services Trade Agreement,02-02,cFQ
,Crowdsourcing,05-03,cFQ
,Crypto,02-00,cFQ
,Cryptocurrencies,02-00,cFQ
,Cryptocurrencies,02-00,cFQ
,Cryptographic,06-03,cFQ
,Cryptographic Hypercapitalism,02-00,cFQ
,Cryptographic Principle,06-02,cFQ
,Cryptographic Standards,04-02,gnomevan
,Cryptography,02-00,cFQ
,Cryptonomicon,02-00,cFQ
,Cultural Diversity,05-03,cFQ
,Cultural Diversity,05-05,cFQ
,Cultural Homogenization,05-03,cFQ
,Cultural Norm,05-05,cFQ
,Cultural Practice,05-05,cFQ
,Currency,04-03,gnomevan
,Curriculum Vitae (CV),05-05,cFQ
,Curtis Yarvin,02-00,cFQ
,Cybernetic Society,03-02,nishio
,Cybernetics,03-02,nishio
,Danielle Allen,04-00,tsuzumik
,Danielle Allen,05-05,cFQ
,Danielle Allen,05-07,cFQ
,Danielle Allen,03-00,cFQ
,DAO,05-06,cFQ
,Daoism,02-01,cFQ
,dApps,06-00,cFQ
,Darkening Clouds,06-02,cFQ
,Daron Acemoglu,02-00,cFQ
,Daron Acemoglu,02-00,cFQ
,DARPA,02-00,cFQ
,Data Coalitions,02-02,cFQ
,Data Coalitions,06-00,cFQ
,Data Coalitions,06-04,cFQ
,Data Governance Act,02-00,cFQ
,Data Transparency,02-02,cFQ
,Data-driven Actors,06-04,cFQ
,Dave Egger,05-03,cFQ
,David Kidd,05-05,cFQ
,"De Tocqueville, Alexis",04-02,gnomevan
,Decentralized Social Networking Protocol (DSNP),04-02,gnomevan
,Decentralized Social Technologies,02-00,cFQ
,Decentralized Web,03-03,nishio
,Decentralized Web,04-00,tsuzumik
,Decision Trees,05-05,cFQ
,Declaration for the Future of the Internet,04-05,gnomevan
,Declaration of the Independence of Cyberspace,02-00,cFQ
,Decontee Davis,06-03,cFQ
,Decreasing Marginal Returns,05-07,cFQ
,Decreasing Returns,05-07,cFQ
,Deepfakes,04-05,gnomevan
,DeepMind,02-00,cFQ
,Defense Advanced Research Projects Agency,02-00,cFQ
,Deforestation,06-04,cFQ
,Degressive Proportionality,03-03,nishio
,Degressive Proportionality,05-06,cFQ
,Degressive Proportionality,05-06,cFQ
,Deliberation,05-00,nishio
,Deliberation,05-04,cFQ
,Deliberation,06-03,cFQ
,Democracy,02-00,cFQ
,Democracy,05-06,cFQ
,Democracy,03-00,cFQ
,Democracy in America,02-00,cFQ
,Democratic Advocates,02-01,cFQ
,Democratic freedom,02-01,cFQ
,Democratic Input to AI project,02-02,cFQ
,Democratic Inputs,05-04,cFQ
,Democratic Participation,02-00,cFQ
,Democratic Participation,02-01,cFQ
,Democratic Progressive Party,02-01,cFQ
,Democratic Republican Government,06-00,cFQ
,Demonization,06-03,cFQ
,Descriptive,03-00,cFQ
,Designated Verifier Proofs (DVP),04-02,gnomevan
,Deweyian pragmatism,02-01,cFQ
,Difference,03-00,cFQ
,Differential Privacy,04-02,gnomevan
,Differing Degrees,05-06,cFQ
,Diffusion of Information,05-04,cFQ
,Digital Archaeology,05-03,cFQ
,Digital asset taxes,07-00,gnomevan
,Digital Assistant,05-06,cFQ
,Digital Certificate,06-02,cFQ
,Digital Civic Engagement,02-02,cFQ
,Digital competence education,02-02,cFQ
,Digital Currencies,02-00,cFQ
,Digital Democracies,02-00,cFQ
,Digital Democracy,01-01,cFQ
,Digital Democracy,02-00,cFQ
,Digital Democracy,05-05,cFQ
,Digital Democracy Initiative,01-01,cFQ
,Digital Divide,05-02,nishio
,Digital Divide,05-03,cFQ
,Digital Infrastructure,04-05,gnomevan
,Digital interaction,04-00,tsuzumik
,Digital land tax,07-00,gnomevan
,Digital Legacies,05-03,cFQ
,Digital Legacy Realms,05-02,nishio
,Digital literacy,07-00,gnomevan
,Digital Mapping Tool,05-05,cFQ
,Digital Markets Act,02-00,cFQ
,Digital Nomads,06-01,cFQ
,Digital public infrastructure,04-00,tsuzumik
,Digital Public Services,02-00,cFQ
,Digital Realpolitik,02-00,cFQ
,Digital Services Act,02-00,cFQ
,Digital Social Engagement,06-04,cFQ
,Digital Stagnation,02-00,cFQ
,Digital Technology,05-05,cFQ
,Digital Technology,03-00,cFQ
,Digital Twins,05-03,cFQ
,Digital Twins,06-04,cFQ
,Digital Workspace,05-03,cFQ
,Digital Yuan,02-00,cFQ
,Digital-native currencies,04-00,tsuzumik
,Diplomatic Decisions,05-06,cFQ
,Diplomatic Favor,05-06,cFQ
,Diplomatic Nuance,02-01,cFQ
,Direct Collective Representative,05-04,cFQ
,Direct Election of the President,02-01,cFQ
,Direct Neural Interface,06-01,cFQ
,Direct Thought Transmission,05-01,nishio
,Discrimination Law,02-00,cFQ
,Disinformation,05-04,cFQ
,Displacement,02-00,cFQ
,Disruption,06-01,cFQ
,Distributed Autonomous Organizations (DAOs),05-05,cFQ
,Distributed Autonomous Organizations (DAOs),05-07,cFQ
,Distributed Ledger Technology (DLT),04-02,gnomevan
,Distributed Ledgers,05-05,cFQ
,Distributed Network of Signals,05-05,cFQ
,Distributed Participation,06-03,cFQ
,Distribution,05-07,cFQ
,Diverse Legal System,05-05,cFQ
,Diverse Perspective,05-03,cFQ
,Diversification,05-05,cFQ
,Diversification of Seeing,06-00,cFQ
,Diversity,06-00,cFQ
,"Diversity of ""groups""",06-00,cFQ
,Dōka,02-01,cFQ
,Dominant Narrative,05-03,cFQ
,Donald Trump,02-00,cFQ
,DoNotPay,05-05,cFQ
,Douglas Engelbart,03-03,nishio
,DPP,02-01,cFQ
,Dr. Seuss,05-04,cFQ
,Driverless Cars,02-00,cFQ
,Durkheim,06-02,cFQ
,Duverger's Law,05-06,cFQ
,Dynamic,05-07,cFQ
,Dystopian Outcome,05-03,cFQ
,e-citizenship,06-01,cFQ
,E-Government,02-00,cFQ
,e-health,06-02,cFQ
,e-sports,06-01,cFQ
,E-Sports Tournaments,05-02,nishio
,Early Adopted Community,06-00,cFQ
,Early Adopters,06-00,cFQ
,Ebola,06-03,cFQ
,Echo Chamber,06-03,cFQ
,Echo Chambers,05-04,cFQ
,Economies Esteem,05-07,cFQ
,Economist Intelligence Unit,02-02,cFQ
,Edmund Burke,06-04,cFQ
,Educational Psychology,05-05,cFQ
,Edward Deming,02-01,cFQ
,edX,05-03,cFQ
,Egalitarianism,02-01,cFQ
,EGDI,02-00,cFQ
,Eigenvalues,05-06,cFQ
,Eigenvoting,05-06,cFQ
,Election,04-00,tsuzumik
,Election,05-04,cFQ
,Election,05-06,cFQ
,Elite Universities,05-05,cFQ
,Elon Musk,02-00,cFQ
,Emergent Publics,03-02,nishio
,Emergent Publics,05-07,cFQ
,Eminent Domain,05-07,cFQ
,Emmanuel Saez,02-02,cFQ
,Emotion Tracking,05-01,nishio
,Emotional Connectivity,05-02,nishio
,Empathetic Technology,05-01,nishio
,Empathy Amplifiers,05-02,nishio
,Encounter with the East,05-03,cFQ
,Endowments,05-07,cFQ
,Enlightenment,03-03,nishio
,Entrepreneurial Sovereignty (ES),04-00,tsuzumik
,Entrepreneurship,05-07,cFQ
,Environment,06-00,cFQ
,Environment Sensing Network,06-04,cFQ
,Environmental Devastation,02-00,cFQ
,Environmental Justice,06-04,cFQ
,Environmental Problem,06-04,cFQ
,Environmental Sustainability,06-04,cFQ
,"Environmental, Social and Governance",06-03,cFQ
,Estonia,02-00,cFQ
,Estonia,06-01,cFQ
,ETH Zurich,05-03,cFQ
,Ethereum Attestation Service,06-02,cFQ
,Ethnic Pluralism,02-01,cFQ
,Ethnographer,05-05,cFQ
,European Union,05-06,cFQ
,Excessive Fragmentation,06-01,cFQ
,Excessive Segregation,06-01,cFQ
,Existential Risks,02-00,cFQ
,Experimentalism,02-01,cFQ
,Experimentation on,06-00,cFQ
,Experimentation with,06-00,cFQ
,Expert,05-05,cFQ
,Export-orientation,02-01,cFQ
,Extended Reality,06-02,cFQ
,Externalities,05-07,cFQ
,Externalities,05-07,cFQ
,Extreme Sports,06-01,cFQ
,Extreme underinvestment,06-02,cFQ
,Extremist Parties,02-00,cFQ
,Ezra Klein,02-00,cFQ
,Fabric of Trust,01-01,cFQ
,Facial Recognition,02-00,cFQ
,Fact Checkers,02-02,cFQ
,Fact-checking,05-04,cFQ
,Fair,05-05,cFQ
,Fairness,05-05,cFQ
,Faith in Democratic Institutions,02-00,cFQ
,False Consensus,06-03,cFQ
,Fascism,02-00,cFQ
,"Fast, Fun and Fair",02-02,cFQ
,Feature Phone,05-05,cFQ
,Federal,05-06,cFQ
,Federal Pension Insurance system,05-05,cFQ
,FIDES,06-02,cFQ
,Financial Capitalism,02-00,cFQ
,Financial Innovation,02-00,cFQ
,Financial Markets,05-07,cFQ
,Financial markets,05-07,cFQ
,Financial Technology,02-00,cFQ
,Finnish government,05-05,cFQ
,Fintech,02-00,cFQ
,First Additional Vote,05-06,cFQ
,Five Star Rating System,05-04,cFQ
,Fluidity,06-04,cFQ
,Folk Religion,02-02,cFQ
,Fora,05-04,cFQ
,Forms of Diversity,05-00,nishio
,Foundation Model,02-00,cFQ
,Foundation Models,02-00,cFQ
,Foxconn,02-02,cFQ
,Fractional Reserve Banking,04-03,gnomevan
,Fragile Democracies,02-00,cFQ
,Franz Kafka,05-05,cFQ
,Freddy Lim,02-02,cFQ
,free China,02-01,cFQ
,Free Markets Know Best,02-00,cFQ
,Free speech,04-00,tsuzumik
,Free Trade,05-07,cFQ
,Free Trade Agreements,05-07,cFQ
,Freedom House,02-02,cFQ
,Freedom of association,04-00,tsuzumik
,Freedom of the Press,06-03,cFQ
,French Revolution,06-00,cFQ
,Frictions,05-07,cFQ
,Fructus,05-07,cFQ
,Full Multisensory Shared Experience,05-03,cFQ
,Full-time Employment,05-07,cFQ
,Fundamental Welfare Theorems,05-07,cFQ
,Funder,06-02,cFQ
,Funding Pool,06-02,cFQ
,Fusion,05-00,nishio
,Futarchy,05-06,cFQ
,Future Collaborator,05-03,cFQ
,g0v,02-02,cFQ
,g0v,06-02,cFQ
,Gabriel Zucman,02-02,cFQ
,Gaia-X,04-00,tsuzumik
,Gamification,06-02,cFQ
,Ganga River,06-04,cFQ
,Gathering Storm,02-00,cFQ
,Gathering Storm,05-06,cFQ
,Gavi,06-02,cFQ
,GDP,06-01,cFQ
,General Data Protection Regulation,02-00,cFQ
,General Reticence,02-00,cFQ
,Generative AI,05-01,nishio
,Generative Art,05-03,cFQ
,Generative Artists,05-03,cFQ
,Generative Foundation Model,06-02,cFQ
,Generative foundation models,06-03,cFQ
,Generative Foundation Models (GFMs),05-03,cFQ
,Generative Foundation Models (GFMs),05-05,cFQ
,Generative Foundation Models(GFMs),04-04,gnomevan
,Generative Pretrained Transformer,02-00,cFQ
,Geographical Information System,05-05,cFQ
,Geopolitics,02-00,cFQ
,Geopolitics,02-00,cFQ
,Georg Simmel,03-02,nishio
,Georgist land value tax,02-01,cFQ
,Germany,05-05,cFQ
,GFM-driven Process,05-03,cFQ
,Git,05-00,nishio
,GitCoin,06-00,cFQ
,GitCoin Grants,05-07,gnomevan
,GitCoin Grants,06-02,cFQ
,GitHub,05-03,cFQ
,GitHub,05-03,cFQ
,GitHub Sponsors,05-07,gnomevan
,GitLab,05-03,cFQ
,Global Anti-colonial Movement,02-01,cFQ
,Global Capitalism,05-07,cFQ
,Global Consciousness Networks,05-02,nishio
,Global Crossroad,02-01,cFQ
,Global Declaration on Information Integrity Online,04-05,gnomevan
,Global Fund,06-02,cFQ
,Global Government,05-07,cFQ
,Global Legitimacy,05-06,cFQ
,Global Policies,05-06,cFQ
,Global Positioning,05-05,cFQ
,Global Warming,06-04,cFQ
,Globarization,01-01,cFQ
,Gogolook,02-02,cFQ
,Gold Card,02-02,cFQ
,Gold Card,06-01,cFQ
,Golden Age,02-00,cFQ
,Good Old-fashioned AI (GOFAI),05-05,cFQ
,Google,05-07,cFQ
,Google,06-01,cFQ
,Google DeepMind,05-03,cFQ
,Gov4Git,06-02,cFQ
,GovTech,03-03,nishio
,GPT,02-00,cFQ
,Graphical user interface,04-00,tsuzumik
,Great Firewall,04-00,tsuzumik
,Green Technologies,06-04,cFQ
,Gross Domestic Product,02-00,cFQ
,Group Works,05-04,cFQ
,Hackathon,02-02,cFQ
,Hackathon,06-04,cFQ
,HackMD,06-02,cFQ
,Hakka,02-01,cFQ
,Hannah Arendt,06-00,cFQ
,Hannah Arendt,03-00,cFQ
,Hanson,06-02,cFQ
,Haptic Feedback,05-01,nishio
,Haptic Feedback,05-02,nishio
,Hard Journalism,06-03,cFQ
,Health,06-00,cFQ
,Health Financing,06-02,cFQ
,Health Insurance,06-02,cFQ
,Health Objectivism,06-02,cFQ
,Health Savings Account,06-02,cFQ
,Health Savings Plan,06-02,cFQ
,healthy minds in healthy bodies,06-02,cFQ
,Henry George,02-01,cFQ
,Henry George,02-02,cFQ
,Henry George,03-02,nishio
,Henry George,05-07,cFQ
,Henry George,03-00,cFQ
,Henry George Theorem,03-02,tsuzumik
,Henry George Theorem States,05-07,cFQ
,Her,02-00,cFQ
,Herbert Simon,05-04,cFQ
,Herculaneum,05-03,cFQ
,Herculaneum scrolls,05-03,cFQ
,Heritage Foundation,02-02,cFQ
,High Modernism,03-03,nishio
,High-Bandwidth Communication,05-01,nishio
,Higher-fidelity Signals,05-06,cFQ
,HiredScore,05-05,cFQ
,Hiring Manager,05-05,cFQ
,Hit Rates,06-01,cFQ
,HIV,06-02,cFQ
,Hokkien,02-01,cFQ
,Hollowing-out,02-00,cFQ
,Holly Herndon,05-03,cFQ
,Holly Herndon,05-03,cFQ
,Homerian epics,05-03,cFQ
,Homogenization,05-01,nishio
,Homogenization,05-05,cFQ
,Homogenization of Ideas,05-03,cFQ
,Homogenize,05-07,cFQ
,Homomorphic Encryption,04-02,gnomevan
,Horizontal Dialogue,06-01,cFQ
,Hsieh Tsung-min,02-01,cFQ
,Hu Shih,02-01,cFQ
,Hugging Face,05-03,cFQ
,Human Cooperation,05-07,cFQ
,Human Resources Platform,05-05,cFQ
,Human Rights,03-03,nishio
,Human Rights,05-00,nishio
,Humanocracy,06-01,cFQ
,Humor over Rumor,02-02,cFQ
,Hunter-gatherer Model,06-00,cFQ
,Hutchins Commission on Freedom of the Press,06-03,cFQ
,Hybrid Reality Environments,05-02,nishio
,Hybrid Work Style,06-01,cFQ
,HyperCerts,06-02,cFQ
,Hypertext,03-03,nishio
,Ian Banks,02-00,cFQ
,Iceland,05-06,cFQ
,ID2020,05-05,cFQ
,Ideathons,02-02,cFQ
,Identity and Access,06-00,cFQ
,Ideologies of the Twenty-First Century,02-00,cFQ
,Ideology,02-00,cFQ
,Idiosyncratic Project,06-01,cFQ
,Immersive Education,05-02,nishio
,Immersive Shared Realities,05-04,cFQ
,Immersive Shared Reality,05-02,nishio
,Immersive Shared Reality,06-00,cFQ
,Immersive Shared Reality Campuse,06-01,cFQ
,Immersive Soundscapes,05-01,nishio
,Impact,06-02,cFQ
,Impact-investing,06-02,cFQ
,Impartial,05-05,cFQ
,Imperfections,05-07,cFQ
,Implementer,06-02,cFQ
,Impossibility Theorem,05-06,cFQ
,In-person Meeting,05-04,cFQ
,In-person Team,06-01,cFQ
,In-silico,05-03,cFQ
,Incompetent Manager,06-01,cFQ
,Independent Stake,06-02,cFQ
,India,02-00,cFQ
,India,06-04,cFQ
,India stack,04-00,tsuzumik
,Indiegogo,05-03,cFQ
,Indigeneous Community,06-02,cFQ
,Indigenous Land and Sea Corporation,05-05,cFQ
,Individual Identity,03-03,nishio
,individuality loss,05-01,nishio
,Industrial,05-07,cFQ
,Industry 1.0,02-00,cFQ
,Industry 2.0,02-00,cFQ
,Industry 3.0,02-00,cFQ
,Industry 4.0,02-00,cFQ
,Inequality,05-03,cFQ
,Infodemic,02-02,cFQ
,Information Age,04-05,gnomevan
,Information commons,04-00,tsuzumik
,Information Integrity,04-05,gnomevan
,Information Technology,02-00,cFQ
,Information Technology,04-00,tsuzumik
,Infrastructure,05-07,cFQ
,Insurer,06-02,cFQ
,Intelligence Augmentation,02-00,cFQ
,Inter-species Communication,05-02,nishio
,Interactive Agent,05-04,cFQ
,Intergalactic Computer Network,03-03,nishio
,International Monetary Fund,02-02,cFQ
,International Trade Treaties,05-07,cFQ
,Internet,05-04,cFQ
,Internet,03-00,cFQ
,Internet of Beings,04-05,gnomevan
,Internet of Things,02-00,cFQ
,Internet Tidal Wave,02-01,cFQ
,Internet-mediated Writing,05-04,cFQ
,Interoperability,02-00,cFQ
,Interoperability Across Legal Regime,05-05,cFQ
,Interplanetary File System (IPFS),04-04,gnomevan
,Intersectional,03-00,cFQ
,Intersectional Identity,03-02,nishio
,Intrapreneurship,06-01,cFQ
,iOS,04-00,tsuzumik
,Isaac Asimov,02-00,cFQ
,Isaac Asimov,02-00,cFQ
,IVR Junction,05-05,cFQ
,J. D. Vance,02-00,cFQ
,J.C.R. Licklider,02-00,cFQ
,J.C.R. Licklider,03-03,nishio
,J.C.R. Licklider,05-06,cFQ
,J.R.R. Tolkien,01-01,cFQ
,Jack Ma,02-00,cFQ
,Jaclyn Tsai,02-01,cFQ
,Jaclyn Tsai,02-02,cFQ
,Jacob Rees-Mogg,02-00,cFQ
,James Dale Davidson,02-00,cFQ
,Japanese Empire,02-01,cFQ
,Japanese Occupation,02-01,cFQ
,"Jefferson, Thomas",02-00,glenweyl
,Jennifer Prah Ruger,06-02,cFQ
,Jeremy Corbyn,02-00,cFQ
,Jetsons,02-00,cFQ
,"Jobs, Steve",06-01,gnomevan
,John Dewey,02-01,cFQ
,John Dewey,03-02,nishio
,John Dewey,05-07,cFQ
,John Dewey,03-00,cFQ
,John Perry Barlow,02-00,cFQ
,Joint Learning,06-01,cFQ
,Joseph Gordon-Levitt,05-03,cFQ
,Joseph Stiglitz,05-07,cFQ
,Josh Hawley,02-00,cFQ
,Jothons,02-02,cFQ
,Journalism,06-03,cFQ
,Journey of Humanity,05-00,nishio
,Julian Schilliger,05-03,cFQ
,Jurisdictional Boundaries,05-07,cFQ
,Just,05-05,cFQ
,Kao Chia-liang,02-02,cFQ
,Kaohsiung Incident,02-01,cFQ
,Karya,05-05,cFQ
,Kazakhstan,02-00,cFQ
,Kela-Kelpo project,05-05,cFQ
,Kenneth Arrow,05-06,cFQ
,Kevin Scott,06-01,cFQ
,Khan Academy,05-03,cFQ
,Kickstarter,05-03,cFQ
,Kim Stanley Robinson,05-04,cFQ
,Knappschaften,06-02,cFQ
,Kuomintang,02-01,cFQ
,Labor Augmentation,02-00,cFQ
,Labor Automation,02-00,cFQ
,Labor Law,02-00,cFQ
,Labor Markets,05-07,cFQ
,Labor Unions,05-07,gnomevan
,Land to the Tiller,02-01,cFQ
,Large Language Model (LLM),05-05,cFQ
,Large Language Models (LLMs),05-04,cFQ
,Laurie Anderson,05-03,cFQ
,Lee Teng-hui,02-01,cFQ
,Left-right Divide,05-04,cFQ
,Legal Agent,06-04,cFQ
,Legal Jurisdiction,05-05,cFQ
,Legal Robot,05-05,cFQ
,Legal Tender,04-03,gnomevan
,Legislative Yuan,02-02,cFQ
,Legitimacy,06-00,cFQ
,Legitimation,02-00,cFQ
,Lego,05-07,cFQ
,Lesser of Two Evils,05-06,cFQ
,Lex Fridman,05-04,cFQ
,Liberal Democracy,03-03,nishio
,Liberalization of Taiwan,02-01,cFQ
,Liberating Structures,05-04,cFQ
,Libertarian Ideology,02-00,cFQ
,Libertarianism,02-00,cFQ
,Libertarianism,03-00,cFQ
,Life Expectancy,06-02,cFQ
,Life-support System,06-04,cFQ
,Limited Cultural Groups,05-07,cFQ
,LinkedIn,06-00,cFQ
,Linux,04-00,tsuzumik
,Lionel Penrose,05-06,cFQ
,Liquid Democracy,05-04,cFQ
,Liquid Democracy,05-06,cFQ
,Little Platoons,06-04,cFQ
,Livestream-based communication,02-02,cFQ
,LLM-based Representative,05-04,cFQ
,LLMs,06-01,cFQ
,Local Language,05-05,cFQ
,Location Aware Sensor System,06-04,cFQ
,Long-distance Cooperation,02-01,cFQ
,Long-term Work Permits,05-07,cFQ
,Lorax,05-04,cFQ
,Los Alamos,05-03,cFQ
,Low-skilled Workers,02-00,cFQ
,Lucan Way,06-00,cFQ
,Luke Farritor,05-03,cFQ
,Luke Thorburn,05-04,cFQ
,m-health,06-02,cFQ
,M. Mitchell Waldrop,02-00,cFQ
,Machine Learning,02-00,cFQ
,Machine Learning,05-05,cFQ
,Machine Translation Tool,05-04,cFQ
,Macro Badges,05-05,cFQ
,Magpie River,06-04,cFQ
,Malaria,06-02,cFQ
,Man-Computer Symbiosis,03-03,nishio
,Mandarin,02-01,cFQ
,Manipulation,05-01,nishio
,Mao Zedong,02-01,cFQ
,Marginal Revolution,05-07,cFQ
,Mark Zuckerberg,05-04,cFQ
,Market,05-07,cFQ
,Market Design,05-07,cFQ
,Market Power,02-00,cFQ
,Market Power,05-07,cFQ
,Marxism,02-01,cFQ
,Marxist Vision of Socialism,02-01,cFQ
,Mask App,02-02,cFQ
,Mass Extinction,06-04,cFQ
,Mass Surveillance,02-00,cFQ
,Massachusetts Institute of Technology,05-04,cFQ
,Massive Multi-user Online Laboratories (MMOLs),05-02,gnomevan
,Masters of Scale,06-00,cFQ
,Mastodon,02-00,cFQ
,Mat Dryhurst,05-03,cFQ
,Matching Fund,05-07,cFQ
,Matching Fund,06-01,cFQ
,Material Redistribution,02-00,cFQ
,Maternal Mortality,06-02,cFQ
,Matthew Yglesias,02-00,cFQ
,Max Weber,05-05,cFQ
,Mechanism Design,05-07,cFQ
,Media,06-00,cFQ
,Media,06-03,cFQ
,Media Ecosystem,06-03,cFQ
,Mediated Reality,05-01,nishio
,Mediated Reality,05-02,nishio
,Meetings Deemed Unproductive,06-01,cFQ
,Mencius Moldbug,02-00,cFQ
,Mental Health,06-02,cFQ
,Meta,05-04,cFQ
,Meta,05-07,cFQ
,Metaverse,02-00,cFQ
,Metaverses,04-00,tsuzumik
,Mezzo Badges,05-05,cFQ
,Michelle Wu,05-04,cFQ
,Microsoft,05-05,cFQ
,Microsoft,06-01,cFQ
,Microsoft,06-03,cFQ
,Military Scenario,06-01,cFQ
,Millennium Development Declaration,06-02,cFQ
,Mimetic Models,04-05,gnomevan
,Minister of Digital Affairs,02-01,cFQ
,Minister without portfolio,02-02,cFQ
,Ministry for the Future,05-04,cFQ
,Ministry for the Future,05-07,cFQ
,Ministry of Digital Affairs,02-02,cFQ
,Minitel,02-00,cFQ
,Minquán,02-01,cFQ
,Mínshēng,02-01,cFQ
,Minzú,02-01,cFQ
,Miraikan,05-01,nishio
,Miraikan,07-00,gnomevan
,Misinformation,05-04,cFQ
,Misleading,05-04,cFQ
,Mixed Reality,05-02,nishio
,MMOLs,05-02,nishio
,modernity,03-03,nishio
,Monarchy,02-01,cFQ
,Monist,03-03,nishio
,Monist Atomism,03-00,cFQ
,Monolithic Threat,02-00,cFQ
,Monopolization,05-02,nishio
,Monopoly,03-02,nishio
,Moore’s Law for Everything,02-00,cFQ
,Moral Bio-enhancement,05-01,nishio
,Mount Vesuvius,05-03,cFQ
,Move fast and Break Things,06-00,cFQ
,Multidisciplinary Renaissance,05-03,cFQ
,Multiemployer,02-00,cFQ
,Multiple Perspective,05-03,cFQ
,Multipolarity,05-00,nishio
,Mycorrhizal Fungi,04-05,gnomevan
,MyGoPen,02-02,cFQ
,Narrow Corridor,02-00,cFQ
,Narrow Educational and Career Path,05-05,cFQ
,NASA,06-04,cFQ
,Nation state,03-03,nishio
,National Coalition for Dialogue and Deliberation,05-04,cFQ
,National Insurance Model,06-02,cFQ
,National Language,05-05,cFQ
,National Politic,06-01,cFQ
,National Socialist German Workers party,04-00,tsuzumik
,Nationalism,02-00,cFQ
,Nationalist ,02-00,cFQ
,Nationalist Backlash,02-00,cFQ
,Natural Ecosystem,06-04,cFQ
,Natural Language Processing,05-04,cFQ
,Natural Leadership,06-01,cFQ
,Natural Legal Personhood,06-04,cFQ
,Natural sciences,03-02,tsuzumik
,Neal Stephenson,02-00,cFQ
,Negative freedom of speech,04-00,tsuzumik
,Neil Armstrong,06-03,cFQ
,Neoliberal,02-00,cFQ
,Neoliberal Reaction,05-07,cFQ
,Neoliberalism,05-07,cFQ
,Neom,02-00,cFQ
,Netflix Prize,05-03,cFQ
,Netherlands,06-03,cFQ
,Netizen,06-03,cFQ
,Network States,05-05,cFQ
,Networked and Probabilistic Structure,05-05,cFQ
,Networked Value,03-02,nishio
,Networks of Human Minds,05-05,cFQ
,Neural Interfaces,05-01,nishio
,Neural Network,05-03,cFQ
,Neural network,05-05,cFQ
,Neural Network,06-02,cFQ
,Neurofeedback,05-01,nishio
,Neuromodulation,05-01,nishio
,New England town hall,05-04,cFQ
,New Public,03-02,nishio
,New Zealand,06-04,cFQ
,News feed algorithm,05-04,cFQ
,Nicholas Bostrom,02-00,cFQ
,Nixon's visit to PRC,02-01,cFQ
,Noah Smith,02-00,cFQ
,Nobody Movement,02-02,cFQ
,Nodes,05-05,cFQ
,Non-aligned incentives,06-02,cFQ
,non-believers,02-02,cFQ
,Non-colonialist Model,06-02,cFQ
,Non-communicable Disease,06-02,cFQ
,Non-fungible Token (NFT),05-07,cFQ
,Non-human Perspective,05-03,cFQ
,Non-market,02-00,cFQ
,Non-renewable Energy Sources,06-04,cFQ
,Non-Verbal Communication,05-01,nishio
,Non-verbal Communication,05-04,cFQ
,Norbert Wiener,03-02,nishio
,Normative,03-00,cFQ
,North Atlantic Treaty Organization,02-00,cFQ
,North Star,06-00,cFQ
,Notion,05-03,cFQ
,Objective Quality,05-04,cFQ
,Objectivist Model,06-02,cFQ
,Objectivity,06-03,cFQ
,Occupy,02-01,cFQ
,Ocean Acidification,06-04,cFQ
,Octavia Butler,02-00,cFQ
,Oded Galor,05-00,nishio
,OECD,02-02,cFQ
,Office of Chief Technology Officer,06-01,cFQ
,Office Politic,06-01,cFQ
,Olfactory Technology,05-02,nishio
,on the ground,06-01,cFQ
,One China,02-01,cFQ
,"One Country, Two Systems",02-01,cFQ
,One-dimensional Spectrum,05-04,cFQ
,One-Person-One-Vote,03-03,nishio
,One-Share-One-Vot,05-06,cFQ
,One-share-one-vote,05-07,cFQ
,Online collaboration platform,05-03,cFQ
,Online Deliberation,03-03,nishio
,Online Gaming,05-02,nishio
,Online Platform,05-03,cFQ
,Opacity of Bureaucracy,05-05,cFQ
,Open Conversation,06-01,cFQ
,Open Government Movement,02-02,cFQ
,Open Impact Pool,06-02,cFQ
,Open Recognition Community,03-03,nishio
,Open Source,02-00,cFQ
,Open Source,05-00,nishio
,Open Source,05-07,cFQ
,Open Source Intelligence,06-03,cFQ
,Open Source Observer,06-02,cFQ
,Open Source Software,02-00,cFQ
,Open Source Software,03-03,nishio
,Open Source Software (OSS),05-07,cFQ
,Open Space Technology,05-04,cFQ
,Open Standard,03-03,nishio
,Open-source project,05-03,cFQ
,Open-source Rainmaking,06-04,cFQ
,Open-source Technology,05-03,cFQ
,OpenAI,02-00,cFQ
,OpenAI,02-02,cFQ
,OpenAI,05-04,cFQ
,OpenAI,05-07,cFQ
,OpenAI,06-00,cFQ
,OpenAI,06-01,cFQ
,Operating System,05-00,nishio
,Operating systems,04-00,tsuzumik
,Optimism Collective,06-02,gnomevan
,Organizational Chart,06-01,cFQ
,Oscar Wilde,05-04,cFQ
,Out-of-pocket Payment,06-02,cFQ
,Outcome,06-02,cFQ
,Output,06-02,cFQ
,Packet Switching,03-03,nishio
,Packet-switching,05-05,cFQ
,Page Rank,05-06,cFQ
,Paradigm Shift,05-04,cFQ
,Paradox.ai,05-05,cFQ
,PARC,03-03,nishio
,Park of Aging,05-01,nishio
,Partial Common Ownership,05-07,cFQ
,Participation,02-00,cFQ
,Participative Production,02-01,cFQ
,Participatory Design,05-07,cFQ
,Participedia,05-04,cFQ
,Pascual Restrepo,02-00,cFQ
,Paul Jozef Crutzen,06-04,cFQ
,Peer Production,03-03,nishio
,Peng Ming-min,02-01,cFQ
,People's Republic of China (PRC),02-00,cFQ
,People's Republic of China (PRC),02-01,cFQ
,Peripheral,02-00,cFQ
,Personal Identities,03-00,cFQ
,Peter Thiel,02-00,cFQ
,Phishing Attack,06-02,cFQ
,Physical Work,06-01,cFQ
,Pigouvian Taxes,05-07,cFQ
,Pixar's headquarters,06-01,cFQ
,Place of Convergence,02-01,cFQ
,Plural Funding,05-07,cFQ
,Plural Future,01-01,cFQ
,Plural Management Protocol,05-07,cFQ
,Plural Spirit,02-01,cFQ
,Plural workplace,06-01,cFQ
,Pluralism,02-01,cFQ
,Polarization,02-00,cFQ
,Polis,02-02,cFQ
,Polis,05-04,cFQ
,Polis,06-01,cFQ
,Polis,06-02,cFQ
,Political Polarization,05-04,cFQ
,Polypolitan Migration Policy,05-07,cFQ
,Pompeii,05-03,cFQ
,Populist Movement ,05-07,cFQ
,Portals Policing Project,05-02,gnomevan
,Portals Policing Project,05-04,cFQ
,Positive freedom of speech,04-00,tsuzumik
,Post-capitalist World ,02-00,cFQ
,Post-colonial Futurism,02-00,cFQ
,Post-gender,02-00,cFQ
,Post-state,02-00,cFQ
,Post-symbolic Communication,05-01,nishio
,Post-symbolic Communication,05-01,gnomevan
,Post-symbolic Communication,05-03,cFQ
,Post-symbolic Communication,05-05,cFQ
,Post-symbolic Communication,06-00,cFQ
,Power Concentration,05-06,cFQ
,Pragmatic,02-01,cFQ
,PRC Surveillance Regime,02-00,cFQ
,Precious Metals,04-03,gnomevan
,Prediction Market,05-00,nishio
,Prediction Markets,05-06,cFQ
,Prediction Markets,05-07,cFQ
,Predictive Futurism,02-00,cFQ
,Predictive Voting,06-02,cFQ
,Premature Optimization,05-00,nishio
,Prepayment,06-02,cFQ
,Prescriptive,03-00,cFQ
,Presidential Hackathon,02-02,cFQ
,Press Freedom,06-00,cFQ
,Press Responsibility,06-03,cFQ
,Principles of ⿻,05-03,cFQ
,Privacy,05-03,cFQ
,Private Community-based Sponsorship,05-07,cFQ
,Private Health Insurance,06-02,cFQ
,Private Information,06-02,cFQ
,Private Key,06-03,cFQ
,Private Organizations,05-07,cFQ
,Private Property,03-02,nishio
,Private Property,03-03,nishio
,Private Property,05-07,cFQ
,Private Property,05-07,cFQ
,Private Sector,02-00,cFQ
,Pro-social Media,06-03,cFQ
,Production Possibilities Frontier,05-00,nishio
,Productivity Software,06-03,cFQ
,Programmer,05-05,cFQ
,Progress and Poverty,03-02,nishio
,Progress Prizes,05-03,cFQ
,Project Liberty,04-02,gnomevan
,Projection Mapping,05-01,nishio
,Property Rights,03-02,nishio
,Property Rights,05-07,cFQ
,Proportional Representation,05-06,cFQ
,Proprioceptive Communication,05-01,nishio
,Public Consent,02-00,cFQ
,Public Digital Innovation Space,02-02,cFQ
,Public Expenditure,05-05,cFQ
,Public Good,06-02,cFQ
,Public Goods,05-05,cFQ
,Public Goods,05-07,cFQ
,Public Health Policy,06-02,cFQ
,Public Key Cryptography,04-02,gnomevan
,Public Participation,02-00,cFQ
,Public Perception,06-04,cFQ
,Public Sector,02-00,cFQ
,Public Service,05-05,cFQ
,Public Square,02-00,cFQ
,Public Welfare Shcemes,05-07,cFQ
,Public Will,05-05,cFQ
,Public Will,05-06,cFQ
,Public/Supermodular Goods,05-07,cFQ
,Purchasing Power Parity,02-02,cFQ
,Pythagoras,01-01,cFQ
,Qing,02-01,cFQ
,Quadratic Funding,05-07,cFQ
,Quadratic Liquid Democracy,05-06,cFQ
,Quadratic Voting,02-02,cFQ
,Quadratic Voting,05-06,cFQ
,Quantitative Markers ,05-07,cFQ
,RadicalxChange,05-06,cFQ
,Rainbow Flags,02-01,cFQ
,Rainforest Foundation US,05-05,cFQ
,Raj,06-02,cFQ
,Randomized Controlled Trials,06-00,cFQ
,Ranked Choice,05-06,cFQ
,rationality,03-03,nishio
,Ray Kurzweil,02-00,cFQ
,Ray Kurzweil,02-00,cFQ
,Ready Player One,05-02,nishio
,Realistic Avatar,06-01,cFQ
,Receipts,06-03,cFQ
,Reckless Monopolies,05-07,cFQ
,Redistribution,05-07,cFQ
,Redistribution,06-02,cFQ
,Regenerating Diversity,05-00,nishio
,Regenerative Economies,05-00,nishio
,Regenerative Plurality,05-00,nishio
,Regression Discontinuity Design,06-02,cFQ
,Reid Hoffman,02-00,cFQ
,Reid Hoffman,06-00,cFQ
,Reinstatement,02-00,cFQ
,Relevant public,03-02,tsuzumik
,Remesh,05-04,cFQ
,Remesh,06-01,cFQ
,Remix and Replace,02-00,cFQ
,Remote Collaboration Tool,06-01,cFQ
,Remote Employee,06-01,cFQ
,Remote Fitness Classes,05-02,nishio
,Remote Shared Reality,06-01,cFQ
,Remote Shared Reality Technologie,06-01,cFQ
,Remote Teams,06-01,cFQ
,Renaissance,03-03,nishio
,Replenishment Round,06-02,cFQ
,Reporters without Borders,06-03,cFQ
,Representation,05-04,cFQ
,Representative Statement,05-04,cFQ
,Representing Consensus Position,05-04,cFQ
,Research and Development,02-00,cFQ
,Research Policy,05-07,cFQ
,Resolution 2758,02-01,cFQ
,Reverse Mentors,02-01,cFQ
,Revive China Society,02-01,cFQ
,Revolutionary Democratic Direction,02-01,cFQ
,Rich Get Richer,05-05,cFQ
,Richard Arnott,05-07,cFQ
,Richard Nixon,02-01,cFQ
,Rights of free speech,04-00,tsuzumik
,Risk Pooling,06-02,cFQ
,River of Democracy,01-01,cFQ
,Robert Atkinson,02-00,cFQ
,Robin Hanson,05-06,cFQ
,"Robinson, James",02-00,cFQ
,Roblox,05-07,cFQ
,ROC,02-01,cFQ
,Ropes Course,06-01,cFQ
,Rough Consensus,06-03,cFQ
,Rule Of Law,05-07,cFQ
,Run-off,05-06,cFQ
,Rural Land Reform,02-01,cFQ
,Russian revolution,02-01,cFQ
,Sam Altman,02-00,cFQ
,Same-sex Marriage,02-02,cFQ
,San Francisco,03-02,nishio
,Sardinia,06-01,cFQ
,SARS,02-02,cFQ
,Satya Nadella,05-05,cFQ
,Satya Nadella,06-01,cFQ
,Saudia Arabia,02-00,cFQ
,Scaling Collaboration,05-07,cFQ
,Scandinavian Countries,02-00,cFQ
,Science And Technology Studies,02-00,cFQ
,Science Fiction,02-00,cFQ
,Science Fiction,03-00,cFQ
,Search Engines,02-00,cFQ
,Seasteads,05-05,cFQ
,Sebastian Kurz,02-00,cFQ
,Secure Multi-Party Computation (SMPC),04-02,gnomevan
,Securities Laws,02-00,cFQ
,Security protocols,04-00,tsuzumik
,Seeds,06-00,cFQ
,Self-determination,02-01,cFQ
,Self-ownership,05-07,cFQ
,Sensory Degradation,05-01,nishio
,Sensory Integration,05-02,nishio
,SERVIR Amazonia,05-05,cFQ
,Seth Parker,05-03,cFQ
,Shared Goods,05-07,cFQ
,Shared Knowledge Base,05-03,cFQ
,Shoshanna Zuboff,02-00,cFQ
,Sidewalk Labs,02-00,cFQ
,Signal,04-02,gnomevan
,Silent Majority,06-03,cFQ
,Simon Chang,02-02,cFQ
,Simon Johnson,02-00,cFQ
,"Simon, Herbert",04-02,gnomevan
,Simulated Military Exercise,06-01,cFQ
,Single Tax,03-02,nishio
,Sino-Japanese war,02-01,cFQ
,Siraya language,02-01,cFQ
,Slack,05-03,cFQ
,Slack,06-01,cFQ
,Slack,06-03,cFQ
,Smaller World,06-03,cFQ
,Smallpox,06-02,cFQ
,Smart City,02-00,cFQ
,Smart Contract,05-05,cFQ
,Snow Crash,02-00,cFQ
,"Snowden, Edward",04-02,gnomevan
,Social Collapse,02-00,cFQ
,Social Connectedness,03-01,nishio
,Social Connectedness,03-00,cFQ
,Social Control,02-00,cFQ
,Social Credit Score,02-00,cFQ
,Social Difference,05-00,nishio
,Social Distance,05-07,cFQ
,Social Distancing Measure,06-02,cFQ
,Social Diversity,05-07,cFQ
,Social Divide,06-00,cFQ
,Social Division,05-04,cFQ
,Social Division,05-06,cFQ
,Social Dynamics,03-02,nishio
,Social Equity,05-07,cFQ
,Social Esteem,05-07,cFQ
,Social Fabric,02-00,cFQ
,Social Identity System,06-01,cFQ
,Social Insurance,05-07,cFQ
,Social Interaction,05-07,cFQ
,Social Media,02-00,cFQ
,Social Media,05-04,cFQ
,Social Media,06-03,cFQ
,Social Media Platform,05-04,cFQ
,Social Network,05-03,cFQ
,Social Order,05-05,cFQ
,Social Organization,03-02,nishio
,Social Responsibility,06-03,cFQ
,Social Science Experts,03-02,nishio
,Social sciences,03-02,tsuzumik
,Social Sector,06-00,cFQ
,Social Security Numbers,03-03,nishio
,Social Solidarity,06-02,cFQ
,social welfare function,05-00,nishio
,Social Worker,05-05,cFQ
,Socialism,02-01,cFQ
,Socialism Takes Too Many Evenings,05-04,cFQ
,Socially Isolated,02-00,cFQ
,Society Library,05-04,cFQ
,Solidarity and Dynamism,06-01,cFQ
,Sortition,05-04,cFQ
,Source Confidentiality,06-03,cFQ
,South China Sea,02-01,cFQ
,Soviet Union,05-07,cFQ
,SpaceX,05-03,cFQ
,Spatial Computing,05-01,nishio
,speak for itself,06-03,cFQ
,Speciation,05-05,cFQ
,Sprightly,04-02,gnomevan
,Square Root,05-06,cFQ
,Square-root Voting,05-06,cFQ
,SSN,03-03,nishio
,Stagnant Democratic Stories,03-00,cFQ
,Stakeholder Corporation,05-07,cFQ
,Stakeholder Remedies,05-07,cFQ
,Stakeholders,05-07,cFQ
,Stakeholding,05-07,cFQ
,Standard Career Paths,06-01,cFQ
,Star Trek,02-00,cFQ
,Star Trek,03-00,cFQ
,Start-ups,05-07,cFQ
,Steve Jobs,06-01,cFQ
,Steven Levitsky,06-00,cFQ
,StoryCorps,05-04,cFQ
,Strava model,06-02,cFQ
,Structured Communication,05-01,nishio
,Su Tseng-chang,02-02,cFQ
,Sub-Saharan Africa,06-02,cFQ
,Subcultural translation,05-00,nishio
,Sun Yat-Sen,02-01,cFQ
,Sun Yat-Sen,05-07,cFQ
,Sunflower Movement,02-02,cFQ
,Superintelligence,02-00,cFQ
,Supermodular Collaboration,05-07,cFQ
,Supermodular Investments,05-07,cFQ
,Supermodular Production,05-07,cFQ
,Supermodularity,05-00,nishio
,Supermodularity,05-07,cFQ
,Supermodularity,05-07,cFQ
,Superpower,02-02,cFQ
,Surveillance,02-00,cFQ
,Surveillance,05-02,nishio
,Surveillance Risks,05-01,nishio
,Sustainable Development Goals (SDGs),06-02,cFQ
,Sustainable Development Goals (SDGs),06-04,cFQ
,Symbiotic Relationship,01-01,cFQ
,Symphony of Minds,05-03,cFQ
,Synchronous Meeting,06-01,cFQ
,Synthetic instrument,05-03,cFQ
,Synthetic Technocracy,02-00,cFQ
,Systems of rights,04-00,tsuzumik
,Taigi,02-01,cFQ
,Taishō Democratic,02-01,cFQ
,Taivoan,02-01,cFQ
,Taiwan,02-00,cFQ
,Taiwan,05-07,cFQ
,Taiwan,06-01,cFQ
,Taiwan,06-03,cFQ
,Taiwan,06-04,cFQ
,Taiwan,03-00,cFQ
,Taiwan Self-Salvation Manifesto,02-01,cFQ
,Taiwan's Digital Civic Infrastructure,02-02,cFQ
,Talk to the City,05-04,cFQ
,Tang Jingsong,02-01,cFQ
,Tangible Potential,06-00,cFQ
,Taoism,02-02,cFQ
,Taoist,02-01,cFQ
,Target Population,06-02,cFQ
,Taste Retargeting,05-02,nishio
,Taxes,07-00,gnomevan
,Teams,06-01,cFQ
,Tech Left,02-00,cFQ
,Techlash,02-00,cFQ
,Technocracy,03-00,cFQ
,Technocratic Narrative,02-00,cFQ
,Technological Agenda,03-00,cFQ
,Technology,03-00,cFQ
,Technology Addiction,02-02,cFQ
,Technology For Collaboration Across Social Difference,03-00,cFQ
,Technology Investment,02-00,cFQ
,Ted Nelson,03-03,nishio
,Ted Nelson,05-03,cFQ
,Telecommuting,02-00,cFQ
,Telehealth,06-02,cFQ
,Telemedicine,06-02,cFQ
,Telepathic Creative Exchange,05-03,cFQ
,Telepathic Exchange,05-03,cFQ
,Telepathy,05-01,nishio
,Temporal Collaboration,05-03,cFQ
,Tensions between technology and democracy,04-00,tsuzumik
,Terminator,02-00,cFQ
,Territorial And Intellectual Property Treaties,05-07,cFQ
,The Age of Surveillance Capitalism,02-00,cFQ
,The Castle,05-05,cFQ
,The Circle,05-03,cFQ
,The Dream Machine,02-00,cFQ
,The Greatest Good For The Greatest Number,05-06,cFQ
,The Human Condition,03-00,cFQ
,The Lost Dao,04-00,tsuzumik
,The Lost Dao,05-03,cFQ
,The Network State,02-00,cFQ
,The New Republic,02-01,cFQ
,the Optimism Collective,06-02,cFQ
,The Parliament of Things,05-04,cFQ
,The Public and its Problems,05-07,cFQ
,The Social Dilemma,02-00,cFQ
,The Sovereign Individual,02-00,cFQ
,The Sovereign Individual,02-00,cFQ
,The World Cafe,05-04,cFQ
,Theocracy,02-00,cFQ
,Theory of Change,06-00,cFQ
,Thin Shell,05-07,cFQ
,Third Sector,02-01,cFQ
,Third Sector,05-07,cFQ
,Thomas Piketty,02-02,cFQ
,Three Principles of the People,02-01,cFQ
,time sharing,03-03,nishio
,Time Travel,05-03,cFQ
,Top Employer,05-05,cFQ
,Top-down,05-05,cFQ
,Total Factor Productivity,02-00,cFQ
,Towards a Connected Society,03-00,cFQ
,Tradable Carbon Permits,05-07,cFQ
,Traditional Practice,05-05,cFQ
,Transculturalism,01-01,cFQ
,Transhuman,06-02,cFQ
,Translation,05-05,cFQ
,Transnational Corporations,05-07,cFQ
,Transparent Database,05-05,cFQ
,Trello,06-01,cFQ
,Tridemism,02-01,cFQ
,True democracy,03-02,tsuzumik
,Trust Falls,06-01,cFQ
,Tuberculosis,06-02,cFQ
,Turing,05-05,cFQ
,Twitter,06-03,cFQ
,Tyranny of Structurelessness,05-04,cFQ
,Tyranny Of The Majority,05-06,cFQ
,UAE,02-00,cFQ
,UN,06-04,cFQ
,UN-Water,06-02,cFQ
,UNDP,06-02,cFQ
,Uniform Resource Locator (URL),04-04,gnomevan
,United Nations,05-06,cFQ
,United States,05-05,cFQ
,Universal Basic Income,02-00,cFQ
,Universal Birth Registration,03-03,nishio
,Universal Coded Character (unicode),03-00,cFQ
,Universal Declaration of Human Rights,04-00,tsuzumik
,Universal Declaration of Human Rights,04-05,gnomevan
,Unorthodox Thinking,06-01,cFQ
,Unstructured Communication,05-01,nishio
,Untapped,05-05,cFQ
,Urgency of innovation leadership,02-00,cFQ
,Ursula Le Guin,02-00,cFQ
,USAID,06-02,cFQ
,User Engagement,05-04,cFQ
,User Experience,05-04,cFQ
,User Perspective,05-04,cFQ
,Ushahidi,05-05,cFQ
,Usus,05-07,cFQ
,Utility Regulation,05-07,cFQ
,V-Dem,02-02,cFQ
,Vaccine Alliance,06-02,cFQ
,Venture Capital,02-00,cFQ
,Venture Capital,05-07,cFQ
,Venture Capital,06-00,cFQ
,Venture Capitalist,06-00,cFQ
,Ventures,05-07,cFQ
,Verifiable Credential,05-05,cFQ
,Vesuvius Challenge,05-03,cFQ
,Violent Revolution,06-00,cFQ
,Virtual Civic Spaces,05-02,nishio
,Virtual Gatherings,05-02,nishio
,Virtual Meeting,06-01,cFQ
,Virtual Music Festivals,05-02,nishio
,Virtual Reality,03-03,nishio
,Virtual Reality,04-00,tsuzumik
,Virtual Reality,05-02,nishio
,Virtual Replica,05-03,cFQ
,Virtual Tourism,05-02,nishio
,Voice-based Internet,05-05,cFQ
,Volume Cartographer,05-03,cFQ
,Vote,05-06,cFQ
,Voting,02-00,cFQ
,Voting Based On Measures Of Power,05-06,cFQ
,Voting Based On Population Size,05-06,cFQ
,VR Therapy,05-02,nishio
,vTaiwan,02-02,cFQ
,vTaiwan,05-04,cFQ
,Vulcan philosophy,05-00,nishio
,Vulcans,03-00,cFQ
,Wage System,05-07,cFQ
,War of Independence,06-00,cFQ
,Water Management,06-04,cFQ
,Wave of ⿻,06-03,cFQ
,Wealth Taxes,05-07,cFQ
,Weapons of Math Destruction,02-00,cFQ
,Web 2.0,02-00,cFQ
,web of group-affiliation,03-02,nishio
,Web2 application,06-02,cFQ
,Web3,02-00,cFQ
,Web3,04-00,tsuzumik
,Web3,05-07,cFQ
,Web3,06-00,cFQ
,Wei Ting-chao,02-01,cFQ
,Weighted-voting,05-06,cFQ
,Weimar Republic,04-00,tsuzumik
,WEIRD societies,03-03,nishio
,Welfare Capitalism,05-00,nishio
,Western Capitalist Countries,02-00,cFQ
,Western Liberal Democracies,02-00,cFQ
,Whanganui River,06-04,cFQ
,What's App,05-05,cFQ
,White Collar,06-01,cFQ
,White Terror,02-01,cFQ
,Widening Gulf,02-00,cFQ
,Wikipedia,02-00,cFQ
,Wikipedia,03-03,nishio
,Wikipedia,05-03,cFQ
,Wikipedia,06-03,cFQ
,wikisurvey,02-02,cFQ
,Wikisurveys,05-04,cFQ
,Will Of The Group,05-06,cFQ
,will.i.am,05-03,cFQ
,William Rees-Mogg,02-00,cFQ
,William Vickrey,05-07,cFQ
,Windows,04-00,tsuzumik
,Winslow Porter,06-03,cFQ
,Wisdom of the Crowd,06-02,cFQ
,Wised Democracy Pattern Language,05-04,cFQ
,Withdrew,02-01,cFQ
,Women Talking,05-04,cFQ
,Women Talking,05-04,cFQ
,Words Cannot Capture,05-04,cFQ
,Work-life Balance,06-01,cFQ
,Workplace,06-00,cFQ
,Workplace,06-01,cFQ
,Workspace,05-03,cFQ
,World Congress,05-06,cFQ
,World Economic Forum,05-05,cFQ
,World Food Programme,06-02,cFQ
,World Health Organization (WHO),02-02,cFQ
,World Health Organization (WHO),06-02,cFQ
,World Press Freedom Index,06-03,cFQ
,"World Trade Organization,",05-07,cFQ
,World War,06-03,cFQ
,World Wide Web Consortium (W3C),04-02,gnomevan
,Writing,05-04,cFQ
,WWII,02-01,cFQ
,X (formerly Twitter),05-04,cFQ
,Yamuna River,06-04,cFQ
,Yasmin Eyalat,06-03,cFQ
,Year of AI,02-01,cFQ
,Year of AI,05-05,cFQ
,Year of Elections,02-01,cFQ
,Youssef Nader,05-03,cFQ
,Yu Yong-Ding,02-00,cFQ
,Yuans,02-01,cFQ
,Yushan,02-01,cFQ
,Zero Trust,02-02,cFQ
,Zero-Knowledge Proofs(ZKPs),04-02,gnomevan
,Zero-Knowledge Proofs(ZKPs),06-03,cFQ
,Zheng Chenggong,02-01,cFQ
,Zoning Restrictions,05-07,cFQ
,數位,03-00,cFQ